顧客ID,顧客名,1/2時刻
10189.0,田中　明,-9 days +21:29:45
10422.0,白塚山　努,-3 days +02:34:20
9498.0,石川あつ子,-2 days +08:47:22
10461.0,コミュニティハブ（竹本広）,-1 days +01:24:50
9824.0,金安律子,-1 days +17:10:33
7983.0,中央消防署,-1 days +18:27:28
10454.0,北川さなえ,-1 days +18:46:09
10401.0,（株）サンワ,-1 days +18:29:06
9187.0,㈱MTワーク,-1 days +22:17:43
3525.0,ＪＯＹ,-1 days +22:53:04.500000
10345.0,竹原優菜・優梨,-1 days +22:55:01.500000
10421.0,西村典晃,-1 days +22:23:36
