顧客ID,顧客名,1/2時刻
9646.0,丸市正毅,-6 days +02:18:03
9348.0,大津正雄,-2 days +03:49:48
3907.0,やまびこ理容,-4 days +13:31:34.500000
10384.0,川辺,-2 days +23:32:26
10182.0,㈲橋本淳総合建築,-1 days +17:19:39
4614.0,手嶋,-1 days +19:47:03
69.0,荒崎,-1 days +21:35:17
201.0,伊東智子,-1 days +21:43:02
9613.0,みきこ総合フラワー教室（横田）,-1 days +22:06:12
2438.0,森田,-1 days +22:43:34.500000
9812.0,田中伝治郎,-1 days +22:53:17
6273.0,岡山憲吉,-1 days +23:19:26
