顧客ID,顧客名,1/2時刻
8016.0,太田末男,-7 days +03:02:51
10297.0,浜田大樹,-4 days +16:38:04
317.0,浦川典也,-2 days +02:54:28
8464.0,㈱益川文渓堂,-2 days +02:57:43
9486.0,春日井健真,-1 days +01:55:11
1264.0,須原,-1 days +20:18:12
3525.0,ＪＯＹ,-1 days +20:36:52
10290.0,小守智代,-1 days +20:45:48
7932.0,ホンダカーズ鈴鹿中央道伯北店,-1 days +21:38:54
9613.0,みきこ総合フラワー教室（横田）,-1 days +21:54:00
4614.0,手嶋,-1 days +21:03:03.500000
2303.0,三垣　陽子,-1 days +23:33:07.500000
5644.0,鷹野,-1 days +23:46:45
