顧客ID,顧客名,1/2時刻
8471.0,大久保和則,-7 days +03:33:23
2759.0,植松,-6 days +04:25:20
317.0,浦川のりや,-4 days +20:04:52
10190.0,松村　玲子,-3 days +00:33:47.500000
9965.0,中野　けいと,-1 days +17:03:57
10182.0,㈲橋本淳総合建築,-1 days +17:20:52
8632.0,ウエストレーシングカーズ,-1 days +18:22:55.500000
6321.0,ＳＣＳ,-1 days +18:26:29
6460.0,末松みどり,-1 days +19:08:16
9531.0,中野としあき,-1 days +18:04:52
7932.0,ホンダカーズ鈴鹿中央道伯北店,-1 days +21:09:55
10143.0,岩戸浩樹,-1 days +23:30:07
4614.0,手嶋,-1 days +23:46:59
