顧客ID,顧客名,1/2時刻
4877.0,坂本幸子,-11 days +16:21:15.500000
842.0,細田藤夫,-11 days +16:21:15.500000
2381.0,岡本　こうじ,-8 days +06:15:07
5205.0,福田三商　若林,-6 days +02:16:51
5338.0,橋川富美子,-3 days +06:48:14
5388.0,中村正己,-3 days +06:52:52
5046.0,三浜文化会館,-3 days +06:53:43
5445.0,斎藤　ひろし,-1 days +08:58:56
2616.0,四日市市勤労者市民交流センター,-1 days +22:44:54
