顧客ID,顧客名,1/2時刻
2759.0,植松,-5 days +07:33:23.500000
8460.0,㈱プログレス,-2 days +17:11:36
10093.0,嶋　のぶ子,-1 days +03:14:12
6031.0,ますずがわ神経内科クリニック,-1 days +17:38:03
9193.0,オオトリ住宅産業㈱,-1 days +18:19:39
9622.0,佐藤昌平,-1 days +18:59:39.500000
9452.0,岩戸浩樹,-1 days +22:01:21.500000
8368.0,敷地,-1 days +22:44:01
8845.0,山口,-1 days +21:57:51.500000
2438.0,森田,-1 days +23:40:11
