顧客ID,顧客名,1/2時刻
5189.0,山中ちかこ,-11 days +02:48:43.500000
3110.0,サエラ薬局日永店,-11 days +15:07:10.500000
5389.0,米田晴美（浅香、中村）,-9 days +01:25:08
5381.0,後藤たけし,-5 days +03:10:18
5324.0,福田三商　加藤,-5 days +08:04:19
5392.0,渡辺,-4 days +00:29:47
4901.0,近藤きよ子,-4 days +22:40:00
5403.0,小林民子,-2 days +03:07:23
5395.0,横山オート,-2 days +14:30:00
5382.0,アディア㈱,-2 days +14:30:00
4216.0,村山（グランレーブ),-2 days +23:54:06
