顧客ID,顧客名,1/2時刻
8960.0,打田力,-8 days +21:19:36
3337.0,菅 眞造,-7 days +00:40:07
8464.0,㈱益川文渓堂,-5 days +02:13:29
10161.0,山本守,-2 days +23:21:44
443.0,岡田ひろえ,-1 days +17:14:17.500000
10325.0,荒武美知子,-1 days +10:09:48.500000
4614.0,手嶋,-1 days +20:15:53
8845.0,山口,-1 days +22:19:48
6273.0,岡山憲吉,-1 days +20:47:00.500000
3196.0,藤河房雄,-1 days +22:45:08
9812.0,田中伝治郎,-1 days +23:30:06
