顧客ID,顧客名,1/2時刻
2759.0,植松,-4 days +02:21:06
2759.0,植松,-4 days +02:21:06
317.0,浦川のりや,-3 days +01:08:56.500000
10071.0,金子博,-1 days +18:16:56.500000
9346.0,須藤ともか,-1 days +19:53:03
767.0,グリーン歯科,-1 days +19:56:22
4114.0,中川正春選挙事務所,-1 days +22:32:01
3196.0,藤河房雄,-1 days +22:58:00
9075.0,小西ちか,-1 days +23:19:55
5190.0,江田,-1 days +23:21:19
