顧客ID,顧客名,1/2時刻
10071.0,金子博,-4 days +18:25:48.500000
6273.0,岡山憲吉,-3 days +09:27:10.500000
317.0,浦川のりや,-2 days +19:17:07
8460.0,㈱プログレス,-1 days +01:37:49
2694.0,長村　ひさし,-1 days +21:41:23
9613.0,みきこ総合フラワー教室（横田）,-1 days +23:04:04
1335.0,田川登,-1 days +23:25:21.500000
9923.0,横山伝男,-1 days +23:47:33
