顧客ID,顧客名,1/2時刻
8016.0,太田末男,-6 days +03:20:31
8464.0,㈱益川文渓堂,-5 days +02:13:29
10161.0,山本守,-2 days +22:45:16.500000
10238.0,中島希美,-1 days +02:03:01
10297.0,浜田大樹,-2 days +16:37:35
317.0,浦川典也,-1 days +17:11:11
9193.0,オオトリ住宅産業㈱,-1 days +18:20:58
10190.0,松村　玲子,-1 days +18:29:55
6273.0,岡山憲吉,-1 days +18:06:18
7932.0,ホンダカーズ鈴鹿中央道伯北店,-1 days +21:31:39.500000
3196.0,藤河房雄,-1 days +22:45:08
2438.0,森田,-1 days +23:35:58
2303.0,三垣　陽子,-1 days +23:53:48.500000
10292.0,鈴鹿青少年センター,-1 days +23:59:29
