顧客ID,顧客名,1/2時刻
317.0,浦川のりや,-4 days +02:55:24
6273.0,岡山憲吉,-4 days +12:22:50
1335.0,田川登,-3 days +02:48:32
9486.0,春日井健真,-2 days +15:13:09.500000
443.0,岡田ひろえ,-1 days +17:48:01
10071.0,金子博,-1 days +18:15:51
9346.0,須藤ともか,-1 days +19:53:03
767.0,グリーン歯科,-1 days +19:56:22
9452.0,岩戸浩樹,-1 days +22:30:20
4114.0,中川正春選挙事務所,-1 days +22:32:01
3196.0,藤河房雄,-1 days +22:44:23.500000
