顧客ID,顧客名,1/2時刻
9646.0,丸市正毅,-8 days +21:40:42.500000
10393.0,坂本幸江,-5 days +12:51:11.500000
10384.0,川辺,-4 days +23:38:35
3907.0,やまびこ理容,-5 days +00:40:22
9708.0,コミュニティハブ（中村聡史）,-5 days +00:02:33
10182.0,㈲橋本淳総合建築,-1 days +17:10:34
2393.0,村田さい,-1 days +17:45:22
767.0,グリーン歯科,-1 days +18:09:40
9613.0,みきこ総合フラワー教室（横田）,-1 days +20:55:12
8675.0,小杉学・しょうこ,-1 days +23:20:12
10382.0,小林八郎・和志,-1 days +23:53:02
1047.0,志田,-1 days +23:57:47
