顧客ID,顧客名,1/2時刻
4159.0,廣田石油,-8 days +14:47:06.500000
5289.0,杉野のぼる,-4 days +03:27:52.500000
5159.0,協同海運,-3 days +08:39:01
5346.0,永戸照高,-1 days +05:27:57
5026.0,水谷政春,-1 days +07:04:20
5324.0,福田三商　加藤,-1 days +06:09:28.500000
4150.0,岡部機工,-1 days +22:38:17
5333.0,福田三商　中村,-1 days +22:39:18
4505.0,株式会社リョウシンホールディングス,-1 days +22:47:28
5400.0,石薬師高校（貴島　聖子）,-1 days +23:02:23
4828.0,株式会社　シリックス,-1 days +23:09:14
2713.0,マルヨシ陶器,-1 days +23:10:27.500000
