顧客ID,顧客名,1/2時刻
9486.0,春日井健真,-4 days +02:21:36
317.0,浦川のりや,-2 days +19:52:23
1335.0,田川登,-3 days +02:00:33
9965.0,中野　けいと,-1 days +17:06:26.500000
8460.0,㈱プログレス,-1 days +17:08:51
6031.0,ますずがわ神経内科クリニック,-1 days +17:19:08
767.0,グリーン歯科,-1 days +17:47:15
9622.0,佐藤昌平,-1 days +18:27:37
9230.0,松永文子,-1 days +19:35:29
4614.0,手嶋,-1 days +20:42:55
9452.0,岩戸浩樹,-1 days +21:59:33.500000
10143.0,岩戸浩樹,-1 days +22:35:42
9130.0,奥村,-1 days +22:39:11
