顧客ID,顧客名,1/2時刻
9702.0,安田　秋夫（みさ紀）,-12 days +23:15:37
9498.0,石川あつ子,-5 days +11:53:47.500000
9453.0,古藤,-4 days +21:19:34
10161.0,山本守,-2 days +20:17:42
9965.0,中野　けいと,-1 days +17:20:10.500000
2416.0,森　,-1 days +18:28:55
7932.0,ホンダカーズ鈴鹿中央道伯北店,-1 days +21:07:48
10282.0,小西　りゅうせい,-1 days +23:14:05
8632.0,ウエストレーシングカーズ,-1 days +23:19:59
8675.0,小杉学・しょうこ,-1 days +23:37:21
962.0,桜井,-1 days +23:42:41
9346.0,須藤ともか,-1 days +23:59:11
