顧客ID,顧客名,1/2時刻
8960.0,打田力,-8 days +00:40:07
8016.0,太田末男,-8 days +23:55:42
10325.0,荒武美知子,-2 days +13:46:54.500000
8464.0,㈱益川文渓堂,-1 days +02:57:19
6031.0,ますずがわ神経内科クリニック,-1 days +17:32:49.500000
10308.0,松島ただし,-1 days +21:51:35
2802.0,江藤陽子,-1 days +22:02:43
10358.0,渡辺きよこ,-1 days +22:13:52
10345.0,竹原優菜・優梨,-1 days +22:21:16
2416.0,森　かずしげ,-1 days +22:23:33
2438.0,森田,-1 days +21:41:32
8845.0,山口,-1 days +23:24:31
