顧客ID,顧客名,1/2時刻
2759.0,植松,-6 days +11:15:56
6273.0,岡山憲吉,-2 days +01:19:32
8460.0,㈱プログレス,-2 days +17:11:36
10093.0,嶋　のぶ子,-1 days +03:14:12
9491.0,中川（ストーリアホテル606）,-1 days +03:41:30.500000
6031.0,ますずがわ神経内科クリニック,-1 days +17:38:03
9193.0,オオトリ住宅産業㈱,-1 days +18:19:39
9622.0,佐藤昌平,-1 days +18:38:36
9531.0,中野としあき,-1 days +20:21:00
9452.0,岩戸浩樹,-1 days +22:01:21.500000
8368.0,敷地,-1 days +22:44:01
8845.0,山口,-1 days +22:54:16
