顧客ID,顧客名,1/2時刻
8016.0,太田末男,-6 days +03:02:40
3907.0,やまびこ理容,-5 days +02:32:34
10297.0,浜田大樹,-2 days +06:45:29
317.0,浦川典也,-2 days +17:11:57
10325.0,荒武美知子,-2 days +13:46:54.500000
8464.0,㈱益川文渓堂,-1 days +02:57:19
10292.0,鈴鹿青少年センター,-1 days +16:52:50
6031.0,ますずがわ神経内科クリニック,-1 days +17:50:32
6273.0,岡山憲吉,-1 days +18:36:57
4614.0,手嶋,-1 days +19:00:46.500000
10190.0,松村　玲子,-1 days +20:35:51
10308.0,松島ただし,-1 days +21:51:35
2802.0,江藤陽子,-1 days +22:02:43
2416.0,森　かずしげ,-1 days +23:06:52.500000
