顧客ID,顧客名,1/2時刻
8016.0,太田末男,-5 days +01:45:39.500000
10297.0,浜田大樹,-4 days +07:37:17
8464.0,㈱益川文渓堂,-2 days +02:57:43
9486.0,春日井健真,-1 days +01:55:11
1264.0,須原,-1 days +20:18:12
10290.0,小守智代,-1 days +20:45:48
7932.0,ホンダカーズ鈴鹿中央道伯北店,-1 days +21:49:07.500000
10358.0,渡辺きよこ,-1 days +22:03:21
6273.0,岡山憲吉,-1 days +19:59:52
2416.0,森　かずしげ,-1 days +22:45:10
8845.0,山口,-1 days +23:17:33
2303.0,三垣　陽子,-1 days +23:33:07.500000
5644.0,鷹野,-1 days +23:46:45
