顧客ID,顧客名,1/2時刻
10205.0,谷口　重春,-3 days +13:58:59.500000
9486.0,春日井健真,-2 days +21:11:44
9965.0,中野　けいと,-1 days +17:18:46
9622.0,佐藤昌平,-1 days +18:33:02
8016.0,太田末男,-1 days +18:42:35
10246.0,松林ひとみ,-1 days +20:24:57
9653.0,小野かつみ,-1 days +20:50:57
7932.0,ホンダカーズ鈴鹿中央道伯北店,-1 days +21:30:14
9491.0,中川（ストーリアホテル606）,-1 days +22:09:20
10143.0,岩戸浩樹,-1 days +21:59:02.500000
5056.0,麻生,-1 days +22:54:43
8845.0,山口,-1 days +23:08:54
2303.0,三垣　陽子,-1 days +23:19:15
69.0,荒崎,-1 days +22:50:42
